0.54;-13.145;0;-1.46
0.56;-12.53;0;-1.44
0.58;-14.639;0;-1.42
0.6;-15.079;0;-1.4
0.62;-12.969;0;-1.38
0.64;-11.651;0;-1.36
0.66;-8.838;0;-1.34
0.68;-9.629;0;-1.32
0.7;-12.002;0;-1.3
0.72;-10.596;0;-1.28
0.74;-8.838;0;-1.26
0.76;-5.586;0;-1.24
0.78;-5.673;0;-1.22
0.8;-6.377;0;-1.2
0.82;-4.267;0;-1.18
0.84;-4.97;0;-1.16
0.86;-6.552;0;-1.14
0.88;-6.025;0;-1.12
0.9;-0.839;0;-1.1
0.92;-3.212;0;-1.08
0.94;-4.355;0;-1.06
0.96;-5.322;0;-1.04
0.98;-5.586;0;-1.02
1;-4.003;0;-1
1.02;-4.179;0;-0.98
1.04;-8.838;0;-0.96
1.06;-11.914;0;-0.94
1.08;-8.398;0;-0.92
1.1;-9.805;0;-0.9
1.12;-12.53;0;-0.88
1.14;-10.42;0;-0.86
1.16;-8.047;0;-0.84
1.18;-9.805;0;-0.82
1.2;-11.387;0;-0.8
1.22;-13.497;0;-0.78
1.24;-11.475;0;-0.76
1.26;-10.42;0;-0.74
1.28;-11.739;0;-0.72
1.3;-10.947;0;-0.7
1.32;-10.332;0;-0.68
1.34;-10.156;0;-0.66
1.36;-11.123;0;-0.64
1.38;-11.475;0;-0.62
1.4;-10.596;0;-0.6
1.42;-8.926;0;-0.58
1.44;-8.926;0;-0.56
1.46;-13.848;0;-0.54
1.48;-9.102;0;-0.52
1.5;-7.168;0;-0.5
1.52;-8.574;0;-0.48
1.54;-9.453;0;-0.46
1.56;-8.662;0;-0.44
1.58;-12.002;0;-0.42
1.6;-12.793;0;-0.4
1.62;-9.541;0;-0.38
1.64;-10.684;0;-0.36
1.66;-10.068;0;-0.34
1.68;-10.332;0;-0.32
1.7;-9.189;0;-0.3
1.72;-10.772;0;-0.28
1.74;-14.376;0;-0.26
1.76;-13.497;0;-0.24
1.78;-12.793;0;-0.22
1.8;-15.342;0;-0.2
1.82;-17.979;0;-0.18
1.84;-19.034;0;-0.16
1.86;-18.155;0;-0.14
1.88;-16.573;0;-0.12
1.9;-19.562;0;-0.1
1.92;-17.452;0;-0.08
1.94;-23.341;0;-0.06
1.96;-21.935;0;-0.04
1.98;-22.287;0;-0.02
2;-23.429;0;0
2.02;-23.693;0;0.02
2.04;-24.484;0;0.04
2.06;-23.957;0;0.06
2.08;-25.451;0;0.08
2.1;-24.484;0;0.1
2.12;-24.484;0;0.12
2.14;-25.627;0;0.14
2.16;-26.769;0;0.16
2.18;-27.033;0;0.18
2.2;-26.242;0;0.2
2.22;-27.736;0;0.22
2.24;-27.473;0;0.24
2.26;-27.736;0;0.26
2.28;-28.615;0;0.28
2.3;-27.648;0;0.3
2.32;-27.56;0;0.32
2.34;-26.857;0;0.34
2.36;-26.769;0;0.36
2.38;-25.803;0;0.38
2.4;-26.594;0;0.4
2.42;-27.209;0;0.42
2.44;-26.506;0;0.44
2.46;-26.945;0;0.46
2.48;-26.418;0;0.48
2.5;-26.506;0;0.5
2.52;-27.121;0;0.52
2.54;-27.033;0;0.54
2.56;-28.264;0;0.56
2.58;-29.055;0;0.58
2.6;-29.231;0;0.6
2.62;-26.682;0;0.62
2.64;-27.385;0;0.64
2.66;-27.912;0;0.66
2.68;-28.088;0;0.68
2.7;-27.912;0;0.7
2.72;-27.033;0;0.72
2.74;-28.176;0;0.74
2.76;-29.143;0;0.76
2.78;-28.791;0;0.78
2.8;-27.121;0;0.8
2.82;-27.297;0;0.82
2.84;-27.297;0;0.84
2.86;-28.088;0;0.86
2.88;-28;0;0.88
2.9;-28;0;0.9
2.92;-28.44;0;0.92
2.94;-28.527;0;0.94
2.96;-28.791;0;0.96
2.98;-28.176;0;0.98
3;-27.824;0;1
3.02;-27.209;0;1.02
3.04;-27.297;0;1.04
3.06;-27.648;0;1.06
3.08;-28.879;0;1.08
3.1;-28.967;0;1.1
3.12;-28.44;0;1.12
3.14;-26.857;0;1.14
3.16;-27.56;0;1.16
3.18;-28.088;0;1.18
3.2;-28.44;0;1.2
3.22;-28.176;0;1.22
3.24;-28;0;1.24
3.26;-28.088;0;1.26
3.28;-28.264;0;1.28
3.3;-28.615;0;1.3
3.32;-28;0;1.32
3.34;-28;0;1.34
3.36;-28;0;1.36
3.38;-28.879;0;1.38
3.4;-28.176;0;1.4
3.42;-27.385;0;1.42
3.44;-27.209;0;1.44
3.46;-27.736;0;1.46
3.48;-28.879;0;1.48
3.5;-29.319;0;1.5
3.52;-28.44;0;1.52
3.54;-27.297;0;1.54
3.56;-27.121;0;1.56
3.58;-27.736;0;1.58
3.6;-28.879;0;1.6
3.62;-28.967;0;1.62
3.64;-28.44;0;1.64
3.66;-27.648;0;1.66
3.68;-28.967;0;1.68
3.7;-28.791;0;1.7
3.72;-28.703;0;1.72
3.74;-27.56;0;1.74
3.76;-27.473;0;1.76
3.78;-28.703;0;1.78
3.8;-29.055;0;1.8
3.82;-27.648;0;1.82
3.84;-27.121;0;1.84
3.86;-27.56;0;1.86
3.88;-28.703;0;1.88
3.9;-29.319;0;1.9
3.92;-29.143;0;1.92
3.94;-27.56;0;1.94
3.96;-27.912;0;1.96
3.98;-28.264;0;1.98
4;-28.791;0;2
4.02;-28.791;0;2.02
4.04;-27.033;0;2.04
4.06;-27.56;0;2.06
4.08;-28.615;0;2.08
4.1;-28.879;0;2.1
4.12;-27.297;0;2.12
4.14;-27.297;0;2.14
4.16;-27.736;0;2.16
4.18;-29.055;0;2.18
4.2;-29.582;0;2.2
4.22;-28.44;0;2.22
4.24;-27.385;0;2.24
4.26;-27.824;0;2.26
4.28;-28;0;2.28
4.3;-29.143;0;2.3
4.32;-28.791;0;2.32
4.34;-27.56;0;2.34
4.36;-28.176;0;2.36
4.38;-28.703;0;2.38
4.4;-29.231;0;2.4
4.42;-27.824;0;2.42
4.44;-27.385;0;2.44
4.46;-27.736;0;2.46
4.48;-29.055;0;2.48
4.5;-29.319;0;2.5
4.52;-27.297;0;2.52
4.54;-27.121;0;2.54
4.56;-27.736;0;2.56
4.58;-28.703;0;2.58
4.6;-29.582;0;2.6
4.62;-28.352;0;2.62
4.64;-27.473;0;2.64
4.66;-27.824;0;2.66
4.68;-28.703;0;2.68
4.7;-29.494;0;2.7
4.72;-28;0;2.72
4.74;-26.945;0;2.74
4.76;-28;0;2.76
4.78;-29.055;0;2.78
4.8;-29.231;0;2.8
4.82;-27.033;0;2.82
4.84;-27.209;0;2.84
4.86;-27.648;0;2.86
4.88;-29.319;0;2.88
4.9;-29.494;0;2.9
4.92;-27.56;0;2.92
4.94;-26.945;0;2.94
4.96;-28;0;2.96
4.98;-28.791;0;2.98
5;-29.406;0;3
5.02;-27.648;0;3.02
5.04;-27.033;0;3.04
5.06;-28.176;0;3.06
5.08;-29.231;0;3.08
5.1;-28.791;0;3.1
5.12;-26.506;0;3.12
5.14;-26.682;0;3.14
5.16;-28.264;0;3.16
5.18;-29.67;0;3.18
5.2;-28.879;0;3.2
5.22;-26.506;0;3.22
5.24;-26.857;0;3.24
5.26;-28.264;0;3.26
5.28;-29.231;0;3.28
5.3;-29.406;0;3.3
5.32;-27.033;0;3.32
5.34;-27.121;0;3.34
5.36;-28.264;0;3.36
5.38;-29.319;0;3.38
5.4;-28.791;0;3.4
5.42;-26.769;0;3.42
5.44;-27.033;0;3.44
5.46;-28.879;0;3.46
5.48;-29.582;0;3.48
5.5;-28.176;0;3.5
5.52;-26.594;0;3.52
5.54;-27.209;0;3.54
5.56;-28;0;3.56
5.58;-29.494;0;3.58
5.6;-28.879;0;3.6
5.62;-26.945;0;3.62
5.64;-27.56;0;3.64
5.66;-28.879;0;3.66
5.68;-29.319;0;3.68
5.7;-28.527;0;3.7
5.72;-26.857;0;3.72
5.74;-27.736;0;3.74
5.76;-28.967;0;3.76
5.78;-29.582;0;3.78
5.8;-28;0;3.8
5.82;-26.857;0;3.82
5.84;-27.736;0;3.84
5.86;-28.879;0;3.86
5.88;-29.582;0;3.88
5.9;-28;0;3.9
5.92;-27.297;0;3.92
5.94;-28.088;0;3.94
5.96;-28.967;0;3.96
5.98;-29.67;0;3.98
6;-28.176;0;4
6.02;-27.121;0;4.02
6.04;-27.912;0;4.04
6.06;-28.176;0;4.06
6.08;-28.703;0;4.08
6.1;-26.682;0;4.1
6.12;-25.715;0;4.12
6.14;-25.451;0;4.14
6.16;-25.715;0;4.16
6.18;-23.693;0;4.18
6.2;-20.968;0;4.2
6.22;-19.21;0;4.22
6.24;-18.771;0;4.24
6.26;-17.364;0;4.26
6.28;-15.167;0;4.28
6.3;-12.969;0;4.3
6.32;-11.211;0;4.32
6.34;-10.596;0;4.34
6.36;-9.365;0;4.36
6.38;-7.607;0;4.38
6.4;-6.289;0;4.4
6.42;-5.761;0;4.42
6.44;-6.113;0;4.44
6.46;-5.673;0;4.46
6.48;-4.267;0;4.48
6.5;-3.476;0;4.5
6.52;-3.036;0;4.52
6.54;-2.861;0;4.54
6.56;-2.509;0;4.56
6.58;-1.191;0;4.58
6.6;-0.399;0;4.6
6.62;0.128;0;4.62
6.64;0.304;0;4.64
6.66;1.271;0;4.66
6.68;3.468;0;4.68
6.7;4.699;0;4.7
6.72;1.886;0;4.72
6.74;1.798;0;4.74
6.76;2.589;0;4.76
6.78;3.732;0;4.78
6.8;3.996;0;4.8
6.82;4.347;0;4.82
6.84;3.996;0;4.84
6.86;2.941;0;4.86
6.88;3.292;0;4.88
6.9;3.292;0;4.9
6.92;3.556;0;4.92
6.94;4.347;0;4.94
6.96;5.05;0;4.96
6.98;5.138;0;4.98
7;5.49;0;5
7.02;6.193;0;5.02
7.04;7.16;0;5.04
7.06;6.896;0;5.06
7.08;6.017;0;5.08
7.1;5.841;0;5.1
7.12;6.193;0;5.12
7.14;5.929;0;5.14
7.16;5.578;0;5.16
7.18;6.017;0;5.18
7.2;9.094;0;5.2
7.22;6.281;0;5.22
7.24;6.105;0;5.24
7.26;4.875;0;5.26
7.28;1.71;0;5.28
7.3;3.38;0;5.3
7.32;2.501;0;5.32
7.34;3.292;0;5.34
7.36;0.392;0;5.36
7.38;-2.333;0;5.38
7.4;-1.982;0;5.4
7.42;-3.388;0;5.42
7.44;-3.652;0;5.44
7.46;-2.07;0;5.46
7.48;-0.399;0;5.48
7.5;0.567;0;5.5
7.52;1.446;0;5.52
7.54;2.062;0;5.54
7.56;3.029;0;5.56
7.58;4.962;0;5.58
7.6;5.138;0;5.6
7.62;6.72;0;5.62
7.64;6.457;0;5.64
7.66;9.094;0;5.66
7.68;5.138;0;5.68
7.7;7.951;0;5.7
7.72;6.017;0;5.72
7.74;6.369;0;5.74
7.76;3.732;0;5.76
7.78;4.611;0;5.78
7.8;2.941;0;5.8
7.82;2.853;0;5.82
7.84;2.15;0;5.84
7.86;2.853;0;5.86
7.88;3.204;0;5.88
7.9;1.886;0;5.9
7.92;2.501;0;5.92
7.94;6.193;0;5.94
7.96;0.655;0;5.96
7.98;2.765;0;5.98
8;4.787;0;6
8.02;2.238;0;6.02
8.04;-0.048;0;6.04
8.06;0.48;0;6.06
8.08;1.622;0;6.08
8.1;1.359;0;6.1
8.12;1.446;0;6.12
8.14;1.007;0;6.14
8.16;3.029;0;6.16
8.18;2.765;0;6.18
8.2;2.413;0;6.2
8.22;2.325;0;6.22
8.24;3.556;0;6.24
8.26;4.171;0;6.26
8.28;4.699;0;6.28
8.3;5.49;0;6.3
8.32;3.38;0;6.32
8.34;4.347;0;6.34
8.36;5.402;0;6.36
8.38;5.929;0;6.38
8.4;5.754;0;6.4
8.42;5.49;0;6.42
8.44;5.578;0;6.44
8.46;3.996;0;6.46
8.48;3.996;0;6.48
8.5;5.578;0;6.5
8.52;5.402;0;6.52
8.54;5.138;0;6.54
8.56;5.226;0;6.56
8.58;3.996;0;6.58
8.6;1.359;0;6.6
8.62;3.468;0;6.62
8.64;5.314;0;6.64
8.66;3.029;0;6.66
8.68;1.007;0;6.68
8.7;4.611;0;6.7
8.72;1.007;0;6.72
8.74;0.216;0;6.74
8.76;3.38;0;6.76
8.78;3.82;0;6.78
8.8;2.413;0;6.8
8.82;-0.136;0;6.82
8.84;1.71;0;6.84
8.86;0.392;0;6.86
8.88;-0.399;0;6.88
8.9;4.347;0;6.9
8.92;3.117;0;6.92
8.94;1.71;0;6.94
8.96;2.941;0;6.96
8.98;1.359;0;6.98
9;1.974;0;7
9.02;3.996;0;7.02
9.04;6.808;0;7.04
9.06;4.787;0;7.06
9.08;4.875;0;7.08
9.1;3.38;0;7.1
9.12;3.292;0;7.12
9.14;5.754;0;7.14
9.16;5.49;0;7.16
9.18;4.787;0;7.18
9.2;4.875;0;7.2
9.22;4.611;0;7.22
9.24;4.875;0;7.24
9.26;5.49;0;7.26
9.28;8.742;0;7.28
9.3;4.787;0;7.3
9.32;4.699;0;7.32
9.34;7.248;0;7.34
9.36;5.138;0;7.36
9.38;8.303;0;7.38
9.4;8.742;0;7.4
9.42;7.775;0;7.42
9.44;5.49;0;7.44
9.46;7.863;0;7.46
9.48;6.896;0;7.48
9.5;5.754;0;7.5
9.52;6.017;0;7.52
9.54;8.127;0;7.54
9.56;2.677;0;7.56
9.58;6.633;0;7.58
9.6;7.599;0;7.6
9.62;6.193;0;7.62
9.64;5.138;0;7.64
9.66;7.248;0;7.66
9.68;5.929;0;7.68
9.7;7.336;0;7.7
9.72;6.017;0;7.72
9.74;9.094;0;7.74
9.76;6.808;0;7.76
9.78;7.687;0;7.78
9.8;6.896;0;7.8
9.82;7.599;0;7.82
9.84;6.984;0;7.84
9.86;6.72;0;7.86
9.88;7.336;0;7.88
9.9;7.248;0;7.9
9.92;5.05;0;7.92
9.94;7.863;0;7.94
9.96;7.863;0;7.96
9.98;4.347;0;7.98
10;4.259;0;8
10.02;8.303;0;8.02
10.04;8.215;0;8.04
10.06;5.314;0;8.06
10.08;6.017;0;8.08
10.1;6.193;0;8.1
10.12;7.16;0;8.12
10.14;7.072;0;8.14
10.16;7.951;0;8.16
10.18;7.599;0;8.18
10.2;9.27;0;8.2
10.22;8.127;0;8.22
10.24;7.072;0;8.24
10.26;9.27;0;8.26
10.28;8.478;0;8.28
10.3;10.94;0;8.3
10.32;11.115;0;8.32
10.34;9.709;0;8.34
10.36;8.83;0;8.36
10.38;9.006;0;8.38
10.4;10.852;0;8.4
10.42;9.885;0;8.42
10.44;11.291;0;8.44
10.46;8.742;0;8.46
10.48;7.863;0;8.48
10.5;8.83;0;8.5
10.52;11.555;0;8.52
10.54;11.203;0;8.54
10.56;11.994;0;8.56
10.58;9.973;0;8.58
10.6;9.445;0;8.6
10.62;9.885;0;8.62
10.64;9.973;0;8.64
10.66;10.412;0;8.66
10.68;9.006;0;8.68
10.7;11.115;0;8.7
10.72;10.061;0;8.72
10.74;8.215;0;8.74
10.76;12.258;0;8.76
10.78;14.544;0;8.78
10.8;10.676;0;8.8
10.82;12.522;0;8.82
10.84;15.774;0;8.84
10.86;15.598;0;8.86
10.88;16.038;0;8.88
10.9;17.444;0;8.9
10.92;15.862;0;8.92
10.94;17.708;0;8.94
10.96;18.675;0;8.96
10.98;18.939;0;8.98
11;19.642;0;9
11.02;18.499;0;9.02
11.04;18.235;0;9.04
11.06;19.818;0;9.06
11.08;19.466;0;9.08
11.1;17.796;0;9.1
11.12;17.532;0;9.12
11.14;17.532;0;9.14
11.16;17.444;0;9.16
11.18;17.093;0;9.18
11.2;17.268;0;9.2
11.22;18.06;0;9.22
11.24;14.631;0;9.24
11.26;14.456;0;9.26
11.28;15.247;0;9.28
11.3;14.719;0;9.3
11.32;12.961;0;9.32
11.34;13.401;0;9.34
11.36;12.873;0;9.36
11.38;12.258;0;9.38
11.4;12.873;0;9.4
11.42;11.819;0;9.42
11.44;11.731;0;9.44
11.46;12.698;0;9.46
11.48;12.434;0;9.48
11.5;12.961;0;9.5
11.52;10.94;0;9.52
11.54;11.555;0;9.54
11.56;11.819;0;9.56
11.58;13.313;0;9.58
11.6;15.071;0;9.6
11.62;16.214;0;9.62
11.64;15.51;0;9.64
11.66;14.544;0;9.66
11.68;13.752;0;9.68
11.7;15.335;0;9.7
11.72;17.444;0;9.72
11.74;17.005;0;9.74
11.76;15.862;0;9.76
11.78;15.862;0;9.78
11.8;16.389;0;9.8
11.82;16.917;0;9.82
11.84;15.686;0;9.84
11.86;14.192;0;9.86
11.88;12.961;0;9.88
11.9;11.203;0;9.9
11.92;9.709;0;9.92
11.94;8.478;0;9.94
11.96;6.984;0;9.96
11.98;6.457;0;9.98
12;5.314;0;10
12.02;4.083;0;10.02
12.04;5.841;0;10.04
12.06;6.105;0;10.06
12.08;4.171;0;10.08
12.1;5.929;0;10.1
12.12;5.138;0;10.12
12.14;8.215;0;10.14
12.16;9.357;0;10.16
12.18;11.643;0;10.18
12.2;9.27;0;10.2
12.22;8.478;0;10.22
12.24;14.807;0;10.24
12.26;16.477;0;10.26
12.28;17.972;0;10.28
12.3;18.939;0;10.3
12.32;15.95;0;10.32
12.34;16.038;0;10.34
12.36;20.257;0;10.36
12.38;22.542;0;10.38
12.4;24.828;0;10.4
12.42;26.674;0;10.42
12.44;28.344;0;10.44
12.46;27.904;0;10.46
12.48;27.641;0;10.48
12.5;28.959;0;10.5
12.52;29.487;0;10.52
